generation,elite_fitness,mean_fitness,elite_fitness,elite_min_radius,elite_highest_platform_reached,elite_mountain_collision_ratio,elite_flying_ratio,elite_wall_proximity_ratio,elite_long_path_ratio,elite_total_motor_effort,elite_useless_motor_effort,elite_links,mean_min_radius,mean_highest_platform_reached,mean_mountain_contact_ratio,mean_flying_ratio,mean_wall_proximity_ratio,mean_long_path_ratio,mean_total_motor_effort,mean_useless_motor_effort,mean_links
0,0.0,0.0,0.0,6.539308847232832,6.661338147750939e-16,0.00125,0.050833333333333335,0.25583333333333336,5.892227506760845,3410.7201882195886,1539.785407469435,4.0,6.72867942867281,0.051527630685202656,0.004291666666666667,0.0413888888888889,0.17688888888888885,5.365329021491467,4863.659358671742,11344.640323993679,3.966666666666667
1,0.0,0.0,0.0,6.539308847232832,6.661338147750939e-16,0.00125,0.050833333333333335,0.25583333333333336,5.892227506760845,3410.7201882195886,1539.785407469435,4.0,6.548499105165605,0.052345961783042835,0.005277777777777778,0.056680555555555553,0.26634722222222224,12.824079673853765,4259.197987408619,5845.223865716513,3.7333333333333334
2,0.0,0.0,0.0,6.539308847232832,6.661338147750939e-16,0.00125,0.050833333333333335,0.25583333333333336,5.892227506760845,3410.7201882195886,1539.785407469435,4.0,6.438176823601167,0.06112280702510585,0.0053055555555555555,0.08541666666666667,0.3027916666666666,10.411921874265747,4592.880765524809,6251.953220838882,3.6
3,9148.420391465585,304.94734638218614,9148.420391465585,6.181709054406127,2.220446049250313e-16,0.53625,0.0,0.0,2.668586989330637,1916.8417332676838,1756.3530964427073,4.0,6.456114578938673,0.08689110839885869,0.021555555555555557,0.048513888888888884,0.26209722222222226,9.18600209828694,3896.6821645275513,5075.474270787661,3.8333333333333335
4,11963.518957863624,1244.4961966952535,11963.518957863624,5.5417249963206645,2.220446049250313e-16,0.3625,0.0,0.0,1.8549685341444586,2858.3984650381076,6691.6660268366095,5.0,6.532625722657144,0.011555907464973703,0.07376388888888888,0.005763888888888889,0.13693055555555558,3.8655442449054918,3575.0989188111516,8858.456351791761,3.6666666666666665
5,32412.31490999797,3713.793356570486,32412.31490999797,5.801226716021607,3.3306690738754696e-16,0.7983333333333333,0.0,0.0,1.4932798792330684,1209.7447757860994,0.0,2.0,6.5582772851928155,0.02211633499884669,0.08275,0.016180555555555556,0.0944027777777778,2.6545728451023733,2092.8105828876323,4627.733990196874,3.3333333333333335
6,38221.44442713425,5975.701648340255,38221.44442713425,5.622948426773878,2.220446049250313e-16,0.645,0.0,0.0,1.1866102687951408,1209.7447757860994,0.0,2.0,6.95452031122824,0.005402719136553502,0.13145833333333334,0.006430555555555556,0.08505555555555556,1.776772365112916,1623.069972048532,2751.6047851315675,2.533333333333333
7,38221.44442713425,7510.733774600571,38221.44442713425,5.622948426773878,2.220446049250313e-16,0.645,0.0,0.0,1.1866102687951408,1209.7447757860994,0.0,2.0,6.857928743623634,3.478698810492157e-16,0.09523611111111112,0.008513888888888889,0.03709722222222222,1.35193385231308,1538.053995102621,2078.2388602704987,2.7666666666666666
8,38221.44442713425,4154.65716020398,38221.44442713425,5.622948426773878,2.220446049250313e-16,0.645,0.0,0.0,1.1866102687951408,1209.7447757860994,0.0,2.0,6.9464938844686435,3.108624468950438e-16,0.0770972222222222,0.0045694444444444446,0.05006944444444445,1.8065203952507025,1718.0369048039136,2050.63132590833,2.2666666666666666
9,38221.44442713425,6228.618749928654,38221.44442713425,5.622948426773878,2.220446049250313e-16,0.645,0.0,0.0,1.1866102687951408,1209.7447757860994,0.0,2.0,6.785958741131063,0.003016704467228261,0.06163888888888889,0.0005833333333333334,0.07780555555555554,1.0657532537200702,1826.5371338575924,2670.421587571678,2.566666666666667
10,38221.44442713425,5207.806107974985,38221.44442713425,5.622948426773878,2.220446049250313e-16,0.645,0.0,0.0,1.1866102687951408,1209.7447757860994,0.0,2.0,6.874967805563043,2.627527824946204e-16,0.06309722222222222,0.0,0.06015277777777777,1.3016202982473368,1482.8154444823272,2051.4588312960104,2.1666666666666665
11,38221.44442713425,7180.016020080422,38221.44442713425,5.622948426773878,2.220446049250313e-16,0.645,0.0,0.0,1.1866102687951408,1209.7447757860994,0.0,2.0,7.049490990480268,2.6830389761774615e-16,0.07802777777777778,0.0,0.08268055555555556,1.0231258068244269,1226.5519755663636,1265.11937145986,2.033333333333333
12,38221.44442713425,4778.310675149215,38221.44442713425,5.622948426773878,2.220446049250313e-16,0.645,0.0,0.0,1.1866102687951408,1209.7447757860994,0.0,2.0,6.8663333278995164,3.117876327488981e-16,0.049361111111111106,0.004736111111111111,0.094875,2.248523944329759,1916.6079017842087,3899.5792397071036,2.3333333333333335
13,38221.44442713425,4820.74206335056,38221.44442713425,5.622948426773878,2.220446049250313e-16,0.645,0.0,0.0,1.1866102687951408,1209.7447757860994,0.0,2.0,7.007070481108505,2.8495724298712354e-16,0.04741666666666667,0.0,0.06955555555555556,0.8723792085940141,1241.3433689170997,1546.431279510246,1.9666666666666666
14,38221.44442713425,4881.538732666225,38221.44442713425,5.622948426773878,2.220446049250313e-16,0.645,0.0,0.0,1.1866102687951408,1209.7447757860994,0.0,2.0,7.1154066233242,2.55351295663786e-16,0.04220833333333333,0.0,0.09847222222222222,0.7087187540062829,1237.0434079595025,1614.014143309122,1.9333333333333333
15,38221.44442713425,6206.67372137544,38221.44442713425,5.622948426773878,2.220446049250313e-16,0.645,0.0,0.0,1.1866102687951408,1209.7447757860994,0.0,2.0,7.031865711334097,3.3676765080296414e-16,0.07334722222222223,0.008791666666666666,0.06612499999999999,0.6762178041539428,1322.6805590891834,1424.231478796116,2.466666666666667
16,38221.44442713425,5574.9227344036135,38221.44442713425,5.622948426773878,2.220446049250313e-16,0.645,0.0,0.0,1.1866102687951408,1209.7447757860994,0.0,2.0,6.770105759420946,0.0002519138609820855,0.07298611111111113,0.0049027777777777785,0.058097222222222224,1.538034751319641,1701.952266600956,3529.5717583455157,2.6
17,38221.44442713425,5856.589748019868,38221.44442713425,5.622948426773878,2.220446049250313e-16,0.645,0.0,0.0,1.1866102687951408,1209.7447757860994,0.0,2.0,7.004663013844861,0.010752528476949857,0.06786111111111112,0.0,0.04593055555555556,1.1015182993755621,1110.35463757559,1632.4810067324063,2.1
18,38221.44442713425,6348.814797194735,38221.44442713425,5.622948426773878,2.220446049250313e-16,0.645,0.0,0.0,1.1866102687951408,1209.7447757860994,0.0,2.0,6.781883387226317,0.014797604250289123,0.07620833333333335,0.0,0.04616666666666667,1.7229151208604407,1552.0360612881022,2172.1702935826306,2.1
19,38221.44442713425,6583.119146154227,38221.44442713425,5.622948426773878,2.220446049250313e-16,0.645,0.0,0.0,1.1866102687951408,1209.7447757860994,0.0,2.0,6.933956435297827,9.772918596268633e-06,0.08312499999999999,0.0,0.06134722222222222,1.4632262290366824,1178.2965254581275,1575.2221871804984,1.9333333333333333
20,38221.44442713425,5424.761819227147,38221.44442713425,5.622948426773878,2.220446049250313e-16,0.645,0.0,0.0,1.1866102687951408,1209.7447757860994,0.0,2.0,7.017741451263704,2.516505522483688e-16,0.06365277777777778,0.0,0.02611111111111111,0.9447428717102554,1477.4413734106724,2642.4527781331462,2.2
21,38221.44442713425,7856.297532263673,38221.44442713425,5.622948426773878,2.220446049250313e-16,0.645,0.0,0.0,1.1866102687951408,1209.7447757860994,0.0,2.0,6.8454621338197,2.590520390792032e-16,0.12716666666666668,0.0,0.08502777777777777,1.5893308382346776,1462.857970028985,1806.8465068206056,2.2333333333333334
22,38221.44442713425,4858.663337079821,38221.44442713425,5.622948426773878,2.220446049250313e-16,0.645,0.0,0.0,1.1866102687951408,1209.7447757860994,0.0,2.0,7.017640056310616,2.7015426932545474e-16,0.11229166666666668,0.0,0.08516666666666667,0.9599994110744363,1516.3583374188506,2970.117617008343,1.9333333333333333
23,38221.44442713425,3256.1012486156346,38221.44442713425,5.622948426773878,2.220446049250313e-16,0.645,0.0,0.0,1.1866102687951408,1209.7447757860994,0.0,2.0,7.032150391851234,3.0716170347962664e-16,0.05638888888888889,0.0027222222222222222,0.044541666666666674,1.3049704359253431,1487.0185821479283,2590.5735829987902,2.1666666666666665
24,38221.44442713425,6654.969886206705,38221.44442713425,5.622948426773878,2.220446049250313e-16,0.645,0.0,0.0,1.1866102687951408,1209.7447757860994,0.0,2.0,6.942495547573779,3.0346096006420946e-16,0.07465277777777778,0.0028472222222222223,0.040138888888888884,1.1286666886251155,1351.8185563017976,2500.341639072683,1.8
25,39008.68252072194,7906.730348262482,39008.68252072194,5.548084795812884,2.220446049250313e-16,0.6058333333333333,0.0,0.0,1.2819705594288442,1255.4170540936796,0.0,2.0,6.878226371353425,2.7015426932545474e-16,0.11800000000000001,0.0,0.012180555555555556,0.7326901086702637,1105.2253803316723,1099.1333757378277,1.9
26,39253.84443434567,7873.528269446289,39253.84443434567,5.554936951662157,2.220446049250313e-16,0.6591666666666667,0.0,0.0,1.3163567180211646,1255.4619132603482,0.0,2.0,6.818956164357157,0.021290595441200575,0.13283333333333333,0.011083333333333334,0.07298611111111111,1.2805725693668353,2000.4996141232477,3075.347058218036,2.033333333333333
27,39253.84443434567,8678.324576969044,39253.84443434567,5.554936951662157,2.220446049250313e-16,0.6591666666666667,0.0,0.0,1.3163567180211646,1255.4619132603482,0.0,2.0,6.828873248495094,2.4054832200211723e-16,0.1475138888888889,0.0,0.0,0.9213196457107333,1554.778638844028,2831.424135291713,1.9666666666666666
28,39253.84443434567,7227.87418468124,39253.84443434567,5.554936951662157,2.220446049250313e-16,0.6591666666666667,0.0,0.0,1.3163567180211646,1255.4619132603482,0.0,2.0,6.826523570679092,2.7385501274087196e-16,0.08708333333333333,0.004388888888888888,0.06920833333333333,1.3375394134373666,1930.7851521552361,3025.867838882144,2.2
29,42278.231329972274,7555.5307446566685,42278.231329972274,5.415495709049207,2.220446049250313e-16,0.6054166666666667,0.0,0.0,1.1841448997926471,1255.4619132603482,0.0,2.0,6.904150010685783,0.04938196498676396,0.0766388888888889,0.006736111111111111,0.0,1.391365888286681,1736.8975301967596,2395.287746558151,2.1666666666666665
30,42278.231329972274,9489.261585065971,42278.231329972274,5.415495709049207,2.220446049250313e-16,0.6054166666666667,0.0,0.0,1.1841448997926471,1255.4619132603482,0.0,2.0,6.721444340469893,0.01526638438216361,0.14406944444444444,0.0017638888888888888,0.021680555555555554,1.2933772106381443,1452.4990048837567,1437.7426241059193,2.033333333333333
31,42437.117344672406,7929.681670231462,42437.117344672406,5.340025336546407,2.220446049250313e-16,0.5725,0.0,0.0,1.2414095364386002,1255.4619132603482,0.0,2.0,6.773747541022387,0.019647842153968864,0.09340277777777778,0.0,0.022555555555555558,1.1985462560375217,1655.9937081584985,3488.5703616848136,1.8666666666666667
32,42437.117344672406,12254.64404152808,42437.117344672406,5.340025336546407,2.220446049250313e-16,0.5725,0.0,0.0,1.2414095364386002,1255.4619132603482,0.0,2.0,6.710561460145408,2.3499720687899147e-16,0.14406944444444444,0.0,0.02575,1.0757824078618758,1111.0661415639318,426.0996278177081,2.066666666666667
33,42437.117344672406,7862.526755546375,42437.117344672406,5.340025336546407,2.220446049250313e-16,0.5725,0.0,0.0,1.2414095364386002,1255.4619132603482,0.0,2.0,6.952969698450554,0.0014825345003126082,0.06590277777777778,0.0,0.06490277777777778,0.8298971565672876,1248.8699287013153,1515.7745849537107,2.1
34,42437.117344672406,7554.246954304445,42437.117344672406,5.340025336546407,2.220446049250313e-16,0.5725,0.0,0.0,1.2414095364386002,1255.4619132603482,0.0,2.0,7.00046374755743,2.4424906541753446e-16,0.09861111111111112,0.0,0.024166666666666666,0.6562424350538326,922.4527818344995,367.1389382428018,2.066666666666667
35,42437.117344672406,5762.085895605687,42437.117344672406,5.340025336546407,2.220446049250313e-16,0.5725,0.0,0.0,1.2414095364386002,1255.4619132603482,0.0,2.0,7.062520063318624,2.220446049250313e-16,0.03679166666666667,0.0,0.015069444444444444,0.4461379635023036,1225.0079573502348,1257.2476972312486,2.066666666666667
36,43833.46722988693,8694.259231210324,43833.46722988693,5.21624832108872,2.220446049250313e-16,0.345,0.0,0.0,1.1931228898327604,1255.4619132603482,0.0,2.0,6.9668173316317334,2.3684757858670006e-16,0.10118055555555557,0.0,0.03958333333333333,0.6170235422658052,1209.9502322820215,983.3424163097649,2.033333333333333
37,43833.46722988693,6480.515385218988,43833.46722988693,5.21624832108872,2.220446049250313e-16,0.345,0.0,0.0,1.1931228898327604,1255.4619132603482,0.0,2.0,6.987689644806747,0.0006311483898317446,0.09779166666666667,0.0,0.08372222222222223,0.8420586250028753,1694.3269510066157,3019.5615528056155,2.1
38,43833.46722988693,7739.312940764746,43833.46722988693,5.21624832108872,2.220446049250313e-16,0.345,0.0,0.0,1.1931228898327604,1255.4619132603482,0.0,2.0,6.972874698069874,2.3684757858670006e-16,0.09369444444444446,0.0,0.041652777777777775,0.8905205374752837,1164.071393533705,912.2847239076539,1.8333333333333333
39,43833.46722988693,5279.695725200179,43833.46722988693,5.21624832108872,2.220446049250313e-16,0.345,0.0,0.0,1.1931228898327604,1255.4619132603482,0.0,2.0,6.948351999340842,0.01018962386139045,0.02170833333333333,0.0,0.07652777777777778,0.6824899822688055,1500.8539333132235,1952.3932838594876,2.1
40,43833.46722988693,4587.199243800685,43833.46722988693,5.21624832108872,2.220446049250313e-16,0.345,0.0,0.0,1.1931228898327604,1255.4619132603482,0.0,2.0,7.074786988821165,2.331468351712829e-16,0.02063888888888889,0.0,0.07509722222222222,0.7688226125403052,1482.8622338978412,1664.1811124382375,2.0
41,43833.46722988693,9369.856333962014,43833.46722988693,5.21624832108872,2.220446049250313e-16,0.345,0.0,0.0,1.1931228898327604,1255.4619132603482,0.0,2.0,6.755236701061722,2.294460917558657e-16,0.08861111111111111,0.0,0.01398611111111111,0.6047184011047925,1022.9880265891064,48.487982939508086,1.8666666666666667
42,43898.69407307604,8084.562724202331,43898.69407307604,5.244425818358469,2.220446049250313e-16,0.645,0.0,0.0,1.1993480460796826,1255.4619132603482,0.0,2.0,6.990060395910814,2.294460917558657e-16,0.044430555555555556,0.0,0.0,0.4401642350495714,1382.4563329157859,2466.667790342262,1.9333333333333333
43,43898.69407307604,8349.717769534205,43898.69407307604,5.244425818358469,2.220446049250313e-16,0.645,0.0,0.0,1.1993480460796826,1255.4619132603482,0.0,2.0,6.740839140893892,2.257453483404485e-16,0.055125,0.0,0.0,0.7234161249848923,1709.287591950313,4229.0040885891685,2.066666666666667
44,43898.69407307604,9363.565665204862,43898.69407307604,5.244425818358469,2.220446049250313e-16,0.645,0.0,0.0,1.1993480460796826,1255.4619132603482,0.0,2.0,6.6343301506355905,0.020017253510840115,0.060583333333333336,0.0033750000000000004,0.08225,1.7001903758315235,2279.4594512054505,5036.353600705934,2.2666666666666666
45,43898.69407307604,6885.5282415673155,43898.69407307604,5.244425818358469,2.220446049250313e-16,0.645,0.0,0.0,1.1993480460796826,1255.4619132603482,0.0,2.0,6.8704772481987915,2.331468351712829e-16,0.058361111111111114,0.0,0.024138888888888887,0.7015069069862567,1566.9802082762806,3540.178781009576,2.033333333333333
46,43898.69407307604,10344.116003924502,43898.69407307604,5.244425818358469,2.220446049250313e-16,0.645,0.0,0.0,1.1993480460796826,1255.4619132603482,0.0,2.0,6.765684198780473,2.3684757858670006e-16,0.11515277777777778,0.0,0.09233333333333334,1.701001876257485,1351.3548238499864,1679.7071801449963,2.2
47,44807.5731391398,8376.253712303518,44807.5731391398,5.271860064593649,2.220446049250313e-16,0.6170833333333333,0.0,0.0,1.116057461333379,1255.4619132603482,0.0,2.0,6.700887901059317,8.04756535994396e-06,0.1213611111111111,0.0,0.0911388888888889,1.3484276556661265,1683.7231470331935,2787.076574969732,2.3
48,44807.5731391398,10825.74010802761,44807.5731391398,5.271860064593649,2.220446049250313e-16,0.6170833333333333,0.0,0.0,1.116057461333379,1255.4619132603482,0.0,2.0,6.71743059111931,2.55351295663786e-16,0.13784722222222223,0.0029722222222222225,0.014041666666666668,1.2219903818941773,1432.918494514423,1968.32914133379,2.1
49,44807.5731391398,9925.17471169787,44807.5731391398,5.271860064593649,2.220446049250313e-16,0.6170833333333333,0.0,0.0,1.116057461333379,1255.4619132603482,0.0,2.0,6.806568095855114,2.812564995717063e-16,0.136625,0.0,0.061250000000000006,1.2369610028112819,1584.1948756294958,2820.4196508150735,2.1
50,44807.5731391398,8045.72199551667,44807.5731391398,5.271860064593649,2.220446049250313e-16,0.6170833333333333,0.0,0.0,1.116057461333379,1255.4619132603482,0.0,2.0,6.7046704107138755,2.886579864025407e-16,0.11775000000000001,0.0,0.05186111111111111,1.1971354091584325,1659.0874261107945,2769.803624145134,2.2
51,45228.302595092115,15250.686098717986,45228.302595092115,5.210102877226226,2.220446049250313e-16,0.6575,0.0,0.0,1.1670407271979546,1255.4619132603482,0.0,2.0,6.447466889449852,2.8495724298712354e-16,0.19022222222222224,0.0,0.023930555555555556,1.1930443303092058,1712.238636308308,3365.1994226204674,1.8666666666666667
52,45228.302595092115,13036.559724083065,45228.302595092115,5.210102877226226,2.220446049250313e-16,0.6575,0.0,0.0,1.1670407271979546,1255.4619132603482,0.0,2.0,6.473447366522271,2.8495724298712354e-16,0.18229166666666666,0.0036111111111111114,0.029930555555555557,1.2777787260403028,1716.0236879561555,2822.357061513825,1.9666666666666666
53,45228.302595092115,14010.796753109393,45228.302595092115,5.210102877226226,2.220446049250313e-16,0.6575,0.0,0.0,1.1670407271979546,1255.4619132603482,0.0,2.0,6.564462869757395,0.001982401064578184,0.18816666666666665,0.0,0.07944444444444444,1.794961929578172,1925.4866739980437,2948.5727741982496,2.1333333333333333
54,45228.302595092115,10069.950314773947,45228.302595092115,5.210102877226226,2.220446049250313e-16,0.6575,0.0,0.0,1.1670407271979546,1255.4619132603482,0.0,2.0,6.785440021091849,0.0039264696667103745,0.158,0.0,0.07443055555555556,0.939487522918349,1547.8118374754645,3037.9548089362875,1.9333333333333333
55,45228.302595092115,15783.365940930806,45228.302595092115,5.210102877226226,2.220446049250313e-16,0.6575,0.0,0.0,1.1670407271979546,1255.4619132603482,0.0,2.0,6.5144314200648346,2.590520390792032e-16,0.21330555555555553,0.0,0.0,0.9957379548758344,1194.7192008737572,855.4916611538662,1.9
56,45940.91866798917,7792.789494552966,45940.91866798917,5.182765508832857,3.3306690738754696e-16,0.635,0.0,0.0,1.1797388231503714,1254.3622021723997,0.0,2.0,6.807952693326349,0.006203882549951526,0.11658333333333332,0.0,0.040874999999999995,1.0228350271924749,1726.9508381683295,3376.2902301837953,2.033333333333333
57,46866.209830678694,15637.071917806807,46866.209830678694,5.220518584350005,2.220446049250313e-16,0.70875,0.0,0.0,1.0977015553095215,1255.4619132603482,0.0,2.0,6.407163431321828,2.923587298179579e-16,0.23488888888888887,0.0,0.041652777777777775,1.4570856681215179,1452.2283693429958,1991.3934542629129,2.066666666666667
58,46866.209830678694,13678.753095619903,46866.209830678694,5.220518584350005,2.220446049250313e-16,0.70875,0.0,0.0,1.0977015553095215,1255.4619132603482,0.0,2.0,6.6168027120807205,2.886579864025407e-16,0.19830555555555557,0.0,0.043763888888888894,0.9005335158479401,1438.4974382000196,2134.3335311026617,1.9
59,46866.209830678694,15278.778403866867,46866.209830678694,5.220518584350005,2.220446049250313e-16,0.70875,0.0,0.0,1.0977015553095215,1255.4619132603482,0.0,2.0,6.191466716591218,0.06125628135468676,0.2158888888888889,0.005263888888888889,0.04501388888888889,1.4639492835846633,1974.7268434159434,2654.155298053641,2.1666666666666665
60,46866.209830678694,14582.191583065547,46866.209830678694,5.220518584350005,2.220446049250313e-16,0.70875,0.0,0.0,1.0977015553095215,1255.4619132603482,0.0,2.0,6.651857739843886,3.0346096006420946e-16,0.18616666666666667,0.0,0.09077777777777778,1.0969046781139258,1660.9739189523707,2748.194892560269,2.1
61,46866.209830678694,13907.44859603785,46866.209830678694,5.220518584350005,2.220446049250313e-16,0.70875,0.0,0.0,1.0977015553095215,1255.4619132603482,0.0,2.0,6.553074644083537,2.997602166487923e-16,0.19936111111111113,0.0004722222222222222,0.05495833333333333,1.0860373495938433,1361.0400881469834,997.7018054308049,2.066666666666667
62,46866.209830678694,9478.32127676705,46866.209830678694,5.220518584350005,2.220446049250313e-16,0.70875,0.0,0.0,1.0977015553095215,1255.4619132603482,0.0,2.0,6.842873105036618,2.9605947323337506e-16,0.10591666666666667,0.0,0.085375,1.2911158886436875,1328.7131992711109,1841.30420713011,2.066666666666667
63,46866.209830678694,17039.85210841013,46866.209830678694,5.220518584350005,2.220446049250313e-16,0.70875,0.0,0.0,1.0977015553095215,1255.4619132603482,0.0,2.0,6.486827335486398,2.7385501274087196e-16,0.16797222222222222,0.0,0.04020833333333333,1.331181372741354,1183.1822140513555,1373.9848786931814,2.1
64,46866.209830678694,15623.096839052845,46866.209830678694,5.220518584350005,2.220446049250313e-16,0.70875,0.0,0.0,1.0977015553095215,1255.4619132603482,0.0,2.0,6.469050723914695,0.0025922976144925115,0.18204166666666663,0.0,0.03383333333333334,1.0965274904485682,1454.7208674266687,2346.5420147623713,2.066666666666667
65,46866.209830678694,18257.381579061162,46866.209830678694,5.220518584350005,2.220446049250313e-16,0.70875,0.0,0.0,1.0977015553095215,1255.4619132603482,0.0,2.0,6.388476101030851,2.812564995717063e-16,0.25230555555555556,0.0013611111111111111,0.08531944444444445,0.894819512893179,1563.388596837828,2693.2455164957446,2.1
66,46866.209830678694,10564.162649234418,46866.209830678694,5.220518584350005,2.220446049250313e-16,0.70875,0.0,0.0,1.0977015553095215,1255.4619132603482,0.0,2.0,6.613615921338388,2.812564995717063e-16,0.16963888888888892,0.00175,0.08576388888888889,1.2991028304897472,1739.4571657796637,2844.7999311343956,2.2666666666666666
67,46866.209830678694,8116.621113917694,46866.209830678694,5.220518584350005,2.220446049250313e-16,0.70875,0.0,0.0,1.0977015553095215,1255.4619132603482,0.0,2.0,6.782709159015243,2.8495724298712354e-16,0.12609722222222222,0.0095,0.08766666666666666,0.8896336119768624,1672.8709232752592,2256.8197521519937,1.9
68,46866.209830678694,14872.296990315985,46866.209830678694,5.220518584350005,2.220446049250313e-16,0.70875,0.0,0.0,1.0977015553095215,1255.4619132603482,0.0,2.0,6.513879495618648,2.886579864025407e-16,0.20613888888888887,0.0,0.004430555555555555,1.0071303674216232,1166.2444503858756,1029.0638169450149,1.8333333333333333
69,46866.209830678694,14560.419276635987,46866.209830678694,5.220518584350005,2.220446049250313e-16,0.70875,0.0,0.0,1.0977015553095215,1255.4619132603482,0.0,2.0,6.394507738097294,0.03360558344618093,0.19404166666666664,0.005625,0.05681944444444444,1.8706121773517606,1640.2598294058494,2191.274344416453,2.033333333333333
70,46866.209830678694,18185.976876547353,46866.209830678694,5.220518584350005,2.220446049250313e-16,0.70875,0.0,0.0,1.0977015553095215,1255.4619132603482,0.0,2.0,6.341738979412099,2.7755575615628914e-16,0.29298611111111117,0.0,0.07579166666666666,1.3915699761121965,1299.1188352467254,1560.3946586098677,2.0
71,46866.209830678694,10959.901278179163,46866.209830678694,5.220518584350005,2.220446049250313e-16,0.70875,0.0,0.0,1.0977015553095215,1255.4619132603482,0.0,2.0,6.732493166268461,3.108624468950438e-16,0.14694444444444443,0.0,0.054916666666666676,1.121518077620266,1850.7195987929979,4798.858610573796,2.033333333333333
72,46866.209830678694,16822.747916253054,46866.209830678694,5.220518584350005,2.220446049250313e-16,0.70875,0.0,0.0,1.0977015553095215,1255.4619132603482,0.0,2.0,6.543242083864055,2.55351295663786e-16,0.22772222222222221,0.0,0.04769444444444445,0.9650388415726997,1203.6839677156117,1452.0230048627184,1.8666666666666667
73,47036.7701785986,17496.685319272485,47036.7701785986,5.221259355639052,2.220446049250313e-16,0.6729166666666667,0.0,0.0,1.0987844313724837,1050.5305381569372,0.0,2.0,6.445791166015117,0.005176801928528829,0.243125,0.017069444444444446,0.06838888888888889,1.1956292758753626,2159.99751187111,5002.588189885891,2.2
74,47036.7701785986,18384.079049999975,47036.7701785986,5.221259355639052,2.220446049250313e-16,0.6729166666666667,0.0,0.0,1.0987844313724837,1050.5305381569372,0.0,2.0,6.248266792250191,2.812564995717063e-16,0.2156111111111111,0.0022500000000000003,0.04569444444444445,1.3784299714045718,1413.8248195423182,1882.8525796394056,2.0
75,47036.7701785986,13059.943262535684,47036.7701785986,5.221259355639052,2.220446049250313e-16,0.6729166666666667,0.0,0.0,1.0987844313724837,1050.5305381569372,0.0,2.0,6.605837377521709,2.997602166487923e-16,0.17244444444444443,0.007125,0.022541666666666668,0.9583785880652242,1756.4255158630033,3574.378546907732,1.9
76,47036.7701785986,15910.76121364092,47036.7701785986,5.221259355639052,2.220446049250313e-16,0.6729166666666667,0.0,0.0,1.0987844313724837,1050.5305381569372,0.0,2.0,6.466134237623677,2.997602166487923e-16,0.2051388888888889,0.0035833333333333333,0.051333333333333335,1.6969797036974237,1653.7073777665335,2787.9316631664474,2.1
77,47036.7701785986,12521.247782150545,47036.7701785986,5.221259355639052,2.220446049250313e-16,0.6729166666666667,0.0,0.0,1.0987844313724837,1050.5305381569372,0.0,2.0,6.521694875855684,2.7385501274087196e-16,0.19616666666666666,0.0,0.07241666666666667,0.9304250437303562,1636.0454752632572,3025.3717735339715,1.9333333333333333
78,47036.7701785986,16560.775466138373,47036.7701785986,5.221259355639052,2.220446049250313e-16,0.6729166666666667,0.0,0.0,1.0987844313724837,1050.5305381569372,0.0,2.0,6.445139589089001,2.886579864025407e-16,0.2530972222222222,0.0,0.06080555555555556,1.1661871626212263,1655.771837367665,2915.11118930236,2.0
79,47036.7701785986,14754.743918143522,47036.7701785986,5.221259355639052,2.220446049250313e-16,0.6729166666666667,0.0,0.0,1.0987844313724837,1050.5305381569372,0.0,2.0,6.3298899775183655,0.01849242828539315,0.22336111111111112,0.0020833333333333333,0.05761111111111112,1.7441157414231625,2381.1493725894634,5197.524870377444,2.3
80,47036.7701785986,16505.208782749178,47036.7701785986,5.221259355639052,2.220446049250313e-16,0.6729166666666667,0.0,0.0,1.0987844313724837,1050.5305381569372,0.0,2.0,6.532764320470904,2.7385501274087196e-16,0.24787500000000004,0.0,0.1129861111111111,1.030313198533633,2295.3087334371417,5554.333919190424,2.2
81,47036.7701785986,17859.8699916716,47036.7701785986,5.221259355639052,2.220446049250313e-16,0.6729166666666667,0.0,0.0,1.0987844313724837,1050.5305381569372,0.0,2.0,6.532143714292929,2.997602166487923e-16,0.23931944444444445,0.0,0.033888888888888885,1.0817662586559889,1423.701259326731,2116.3544712847947,2.0
82,47036.7701785986,21368.886036472082,47036.7701785986,5.221259355639052,2.220446049250313e-16,0.6729166666666667,0.0,0.0,1.0987844313724837,1050.5305381569372,0.0,2.0,6.256242382680288,3.0716170347962664e-16,0.3617222222222222,0.0,0.009166666666666667,0.9802995036440266,1468.158505195059,1253.6523496909044,2.033333333333333
83,47036.7701785986,16103.943931900301,47036.7701785986,5.221259355639052,2.220446049250313e-16,0.6729166666666667,0.0,0.0,1.0987844313724837,1050.5305381569372,0.0,2.0,6.522765880304665,3.182639337258782e-16,0.26766666666666666,0.0,0.044916666666666674,0.961830622540542,1571.6900209844005,2853.6132636435955,1.9333333333333333
84,47036.7701785986,15218.668549901287,47036.7701785986,5.221259355639052,2.220446049250313e-16,0.6729166666666667,0.0,0.0,1.0987844313724837,1050.5305381569372,0.0,2.0,6.554614931447826,3.108624468950438e-16,0.24177777777777779,0.0019027777777777778,0.06625,1.2388899020614486,1907.1875879915158,3833.8882196420786,2.1
85,47036.7701785986,18365.40602010772,47036.7701785986,5.221259355639052,2.220446049250313e-16,0.6729166666666667,0.0,0.0,1.0987844313724837,1050.5305381569372,0.0,2.0,6.2980952719112215,2.923587298179579e-16,0.29112499999999997,0.0,0.009763888888888888,1.2521916167853775,1322.3008254591828,1263.6101698707403,2.0
86,47036.7701785986,15841.563582783723,47036.7701785986,5.221259355639052,2.220446049250313e-16,0.6729166666666667,0.0,0.0,1.0987844313724837,1050.5305381569372,0.0,2.0,6.522690299150679,3.0716170347962664e-16,0.240875,0.0037916666666666667,0.029,1.1413409677375241,1597.8588611065045,3167.2870850041563,1.8666666666666667
87,47036.7701785986,17511.704548714657,47036.7701785986,5.221259355639052,2.220446049250313e-16,0.6729166666666667,0.0,0.0,1.0987844313724837,1050.5305381569372,0.0,2.0,6.447023121656561,3.182639337258782e-16,0.29184722222222226,0.0,0.006625000000000001,0.9802216979469536,1765.7291727844772,4144.4085363587965,2.033333333333333
88,47036.7701785986,14335.861949799692,47036.7701785986,5.221259355639052,2.220446049250313e-16,0.6729166666666667,0.0,0.0,1.0987844313724837,1050.5305381569372,0.0,2.0,6.549935953757824,0.002436237195218786,0.2599722222222222,0.0,0.057277777777777775,1.2269864883115849,1324.2337860206562,1706.4820854709465,2.066666666666667
89,47036.7701785986,15428.659969397317,47036.7701785986,5.221259355639052,2.220446049250313e-16,0.6729166666666667,0.0,0.0,1.0987844313724837,1050.5305381569372,0.0,2.0,6.514678094282146,2.886579864025407e-16,0.2899027777777778,0.0013611111111111111,0.03775,1.0006685918127838,1452.0331103900714,2380.8874885607074,2.1
90,47036.7701785986,16622.27930407505,47036.7701785986,5.221259355639052,2.220446049250313e-16,0.6729166666666667,0.0,0.0,1.0987844313724837,1050.5305381569372,0.0,2.0,6.407168613104361,3.293661639721298e-16,0.30754166666666666,0.0,0.005472222222222222,1.2909216432581823,1356.9237289008333,1720.491783453187,2.033333333333333
91,47036.7701785986,18651.87795497359,47036.7701785986,5.221259355639052,2.220446049250313e-16,0.6729166666666667,0.0,0.0,1.0987844313724837,1050.5305381569372,0.0,2.0,6.479616471838489,2.8495724298712354e-16,0.34394444444444444,0.0,0.09831944444444443,1.1999634526851113,1400.3759850074703,1540.8179561976833,2.066666666666667
92,47036.7701785986,20631.7500409409,47036.7701785986,5.221259355639052,2.220446049250313e-16,0.6729166666666667,0.0,0.0,1.0987844313724837,1050.5305381569372,0.0,2.0,6.378210100630562,3.1456319031046104e-16,0.3852777777777778,0.0020416666666666665,0.05193055555555556,1.278106753377396,1433.721101147378,1826.9821899728588,2.0
93,47036.7701785986,16734.905798513944,47036.7701785986,5.221259355639052,2.220446049250313e-16,0.6729166666666667,0.0,0.0,1.0987844313724837,1050.5305381569372,0.0,2.0,6.550687209902659,2.7015426932545474e-16,0.27615277777777775,0.0,0.009166666666666667,0.8650473921169426,1445.9156140445634,3346.02995441058,1.8
94,47036.7701785986,20395.199137263793,47036.7701785986,5.221259355639052,2.220446049250313e-16,0.6729166666666667,0.0,0.0,1.0987844313724837,1050.5305381569372,0.0,2.0,6.184654535859067,2.923587298179579e-16,0.3155694444444445,0.004694444444444445,0.036000000000000004,1.3715756584970284,1490.4746396597322,1353.9078807342182,2.1
95,47036.7701785986,18430.563104520897,47036.7701785986,5.221259355639052,2.220446049250313e-16,0.6729166666666667,0.0,0.0,1.0987844313724837,1050.5305381569372,0.0,2.0,6.384287713099261,3.0346096006420946e-16,0.28825,0.0,0.05788888888888889,1.3158788530592953,1176.046284112694,1339.9520976223962,2.0
96,47036.7701785986,17076.113950680152,47036.7701785986,5.221259355639052,2.220446049250313e-16,0.6729166666666667,0.0,0.0,1.0987844313724837,1050.5305381569372,0.0,2.0,6.435671756545893,2.923587298179579e-16,0.29990277777777774,0.0,0.03515277777777778,1.0474258420549438,1369.6131987258964,2227.923122116355,1.9666666666666666
97,47036.7701785986,19404.291122474962,47036.7701785986,5.221259355639052,2.220446049250313e-16,0.6729166666666667,0.0,0.0,1.0987844313724837,1050.5305381569372,0.0,2.0,6.505889630865515,3.3676765080296414e-16,0.34158333333333335,0.0,0.050194444444444444,1.0654854527883397,1399.167394239676,2106.440000540201,2.1
98,47036.7701785986,19935.873629569585,47036.7701785986,5.221259355639052,2.220446049250313e-16,0.6729166666666667,0.0,0.0,1.0987844313724837,1050.5305381569372,0.0,2.0,6.340850878425338,3.1456319031046104e-16,0.3466805555555555,0.0,0.0,1.2461608386124767,1108.1194159030279,483.12588154693276,1.9666666666666666
99,47036.7701785986,19029.379527427667,47036.7701785986,5.221259355639052,2.220446049250313e-16,0.6729166666666667,0.0,0.0,1.0987844313724837,1050.5305381569372,0.0,2.0,6.176037219448785,3.108624468950438e-16,0.3510833333333333,0.0,0.021680555555555554,1.4368828535575706,1722.2657151328335,2800.062694248708,2.466666666666667
